,MVP時点での調べたい政策分野,,,
,policy_id,分野,項目名（要約）,原文の具体性
,ECO-001,減税,ガソリン暫定税率廃止（12月31日）,◎ 明確な期限あり
,ECO-002,減税,軽油引取税廃止（2026年4月1日）,◎ 明確な期限あり
,ECO-003,減税,年収の壁178万円へ引上げ（年末調整から）,◎ 数値・時期あり
,ECO-004,物価対策,飲食料品消費税2年間非課税（国民会議で検討）,△ 検討プロセスは明記
,ECO-005,物価対策,"電気・ガス代支援（約7,300円/世帯）",○ 金額あり
,ECO-006,子育て,高校授業料無償化（令和8年度〜）,◎ 時期あり
,ECO-007,子育て,公立小学校給食無償化（令和8年度〜）,◎ 時期あり
,ECO-008,子育て,出産費用自己負担無償化（法案提出予定）,○ 制度名あり
,ECO-009,社会保障,医療・介護従事者処遇改善（+3%・月1万円）,○ 数値あり
,ECO-010,社会保障,給付付き税額控除（制度設計を検討）,△ 具体性低い（隠し候補）
,EDU-002,教育,35人学級（中学校・令和8年度から）,◎ 時期あり
,WEL-001,子育て,こども誰でも通園制度（本格実施）,○ 制度名あり
,TAX-001,税制,環境性能割廃止（2026年4月）,◎ 明確な期限あり
,INF-001,防災,副首都機能法案（策定予定）,△ 具体性低い（隠し候補）
