policy_id,category,policy_title,specific_measure_posts,specific_measure_density,policy_direction_posts,direction_or_more_posts,direction_or_more_density,topic_only_posts,specific_measure_candidates,direction_or_more_candidates,candidate_count
ECO-001,減税,ガソリン暫定税率廃止（12月31日）,4,0.00051560,9,13,0.00167569,0,4,11,229
ECO-002,減税,軽油引取税廃止（2026年4月1日）,3,0.00038670,0,3,0.00038670,0,3,3,229
ECO-003,減税,年収の壁178万円へ引上げ（年末調整から）,3,0.00038670,9,12,0.00154679,4,3,8,229
ECO-004,物価対策,飲食料品消費税2年間非課税（国民会議で検討）,18,0.00232019,20,38,0.00489817,6,12,18,229
ECO-005,物価対策,"電気・ガス代支援（約7,300円/世帯）",7,0.00090229,39,46,0.00592936,1,6,16,229
ECO-006,子育て,高校授業料無償化（令和8年度から）,1,0.00012890,2,3,0.00038670,4,1,2,229
ECO-007,子育て,公立小学校給食無償化（令和8年度から）,2,0.00025780,3,5,0.00064450,13,2,4,229
ECO-008,子育て,出産費用自己負担無償化（法案提出予定）,0,0.00000000,1,1,0.00012890,2,0,1,229
ECO-009,社会保障,医療・介護従事者処遇改善（3％・月1万円）,3,0.00038670,14,17,0.00219129,3,3,13,229
ECO-010,社会保障,給付付き税額控除（制度設計を検討）,2,0.00025780,5,7,0.00090229,1,2,5,229
EDU-002,教育,中学校35人学級（令和8年度から）,1,0.00012890,2,3,0.00038670,1,1,2,229
WEL-001,子育て,こども誰でも通園制度の本格実施,1,0.00012890,0,1,0.00012890,41,1,1,229
TAX-001,税制,自動車環境性能割廃止（2026年4月）,0,0.00000000,0,0,0.00000000,0,0,0,229
INF-001,防災,副首都機能法案の策定・成立,0,0.00000000,4,4,0.00051560,0,0,2,229
CON-001,皇室,男系男子の養子縁組を可能にする皇室典範改正,0,0.00000000,4,4,0.00051560,0,0,3,229
POL-001,政治改革,衆議院議員定数を1割削減,0,0.00000000,1,1,0.00012890,0,0,1,229
FOR-001,外国人政策,不法滞在者ゼロと退去強制の迅速化,1,0.00012890,7,8,0.00103119,1,1,6,229
FOR-002,外国人政策,JESTA早期導入と出入国在留DX,0,0.00000000,0,0,0.00000000,0,0,0,229
FOR-003,外国人政策,在留資格・永住・帰化審査の厳格化,2,0.00025780,3,5,0.00064450,1,1,3,229
FOR-004,外国人政策,外国人の税・社会保険料未納と医療費未払い対策,2,0.00025780,0,2,0.00025780,0,2,2,229
FOR-005,外国人政策,外国人の土地・不動産取得の把握と法的規制,1,0.00012890,6,7,0.00090229,2,1,7,229
FOR-006,外国人政策,日本語・日本の制度学習を在留審査に活用,0,0.00000000,0,0,0.00000000,0,0,0,229
FOR-007,外国人政策,外国人材との共生を含む人口減少対策,0,0.00000000,2,2,0.00025780,7,0,2,229
