policy_id,category,policy_title,specific_measure_posts,specific_measure_density,policy_direction_posts,direction_or_more_posts,direction_or_more_density,topic_only_posts,specific_measure_candidates,direction_or_more_candidates,candidate_count
ECO-001,減税,ガソリン暫定税率廃止（12月31日）,0,0.00000000,24,24,0.04928131,0,0,1,13
ECO-002,減税,軽油引取税廃止（2026年4月1日）,0,0.00000000,24,24,0.04928131,0,0,1,13
ECO-003,減税,年収の壁178万円へ引上げ（年末調整から）,0,0.00000000,0,0,0.00000000,0,0,0,13
ECO-004,物価対策,飲食料品消費税2年間非課税（国民会議で検討）,1,0.00205339,0,1,0.00205339,0,1,1,13
ECO-005,物価対策,"電気・ガス代支援（約7,300円/世帯）",24,0.04928131,0,24,0.04928131,0,1,1,13
ECO-006,子育て,高校授業料無償化（令和8年度から）,0,0.00000000,0,0,0.00000000,0,0,0,13
ECO-007,子育て,公立小学校給食無償化（令和8年度から）,0,0.00000000,2,2,0.00410678,12,0,1,13
ECO-008,子育て,出産費用自己負担無償化（法案提出予定）,0,0.00000000,0,0,0.00000000,0,0,0,13
ECO-009,社会保障,医療・介護従事者処遇改善（3％・月1万円）,1,0.00205339,1,2,0.00410678,2,1,1,13
ECO-010,社会保障,給付付き税額控除（制度設計を検討）,0,0.00000000,0,0,0.00000000,0,0,0,13
EDU-002,教育,中学校35人学級（令和8年度から）,1,0.00205339,0,1,0.00205339,0,1,1,13
WEL-001,子育て,こども誰でも通園制度の本格実施,0,0.00000000,0,0,0.00000000,0,0,0,13
TAX-001,税制,自動車環境性能割廃止（2026年4月）,0,0.00000000,0,0,0.00000000,0,0,0,13
INF-001,防災,副首都機能法案の策定・成立,0,0.00000000,0,0,0.00000000,0,0,0,13
CON-001,皇室,男系男子の養子縁組を可能にする皇室典範改正,0,0.00000000,0,0,0.00000000,0,0,0,13
POL-001,政治改革,衆議院議員定数を1割削減,0,0.00000000,0,0,0.00000000,0,0,0,13
FOR-001,外国人政策,不法滞在者ゼロと退去強制の迅速化,0,0.00000000,0,0,0.00000000,0,0,0,13
FOR-002,外国人政策,JESTA早期導入と出入国在留DX,0,0.00000000,0,0,0.00000000,0,0,0,13
FOR-003,外国人政策,在留資格・永住・帰化審査の厳格化,2,0.00410678,0,2,0.00410678,0,1,1,13
FOR-004,外国人政策,外国人の税・社会保険料未納と医療費未払い対策,1,0.00205339,0,1,0.00205339,1,1,1,13
FOR-005,外国人政策,外国人の土地・不動産取得の把握と法的規制,1,0.00205339,0,1,0.00205339,0,1,1,13
FOR-006,外国人政策,日本語・日本の制度学習を在留審査に活用,0,0.00000000,0,0,0.00000000,0,0,0,13
FOR-007,外国人政策,外国人材との共生を含む人口減少対策,0,0.00000000,0,0,0.00000000,2,0,0,13
