policy_id,topic_group,category,title,comparison_text,keywords,source_text,source_document,source_pages,source_url,specificity,segmentation_rule,notes
ECO-001,mvp_original,減税,ガソリン暫定税率廃止（12月31日）,ガソリン税の暫定税率を12月31日に廃止してガソリン価格と自動車利用者の税負担を引き下げる。ガソリン減税やトリガー条項に関する発信も候補にする。,ガソリン税|暫定税率|ガソリン減税|トリガー条項,ガソリン税は12月31日、軽油引取税は2026年4月1日に廃止。,202601_manifest.pdf,3,https://storage.jimin.jp/pdf/pamphlet/202601_manifest.pdf,high,human_semantic_split,同じ原文から軽油引取税と分割
ECO-002,mvp_original,減税,軽油引取税廃止（2026年4月1日）,軽油引取税の暫定税率を2026年4月1日に廃止して軽油価格と物流・運送事業者の税負担を引き下げる。,軽油引取税|軽油税|暫定税率|軽油減税,ガソリン税は12月31日、軽油引取税は2026年4月1日に廃止。,202601_manifest.pdf,3,https://storage.jimin.jp/pdf/pamphlet/202601_manifest.pdf,high,human_semantic_split,同じ原文からガソリン税と分割
ECO-003,mvp_original,減税,年収の壁178万円へ引上げ（年末調整から）,所得税の基礎控除と給与所得控除を見直し、年収の壁を178万円まで引き上げて手取りを増やす。2026年の年末調整から全納税者を対象とする。,年収の壁|178万円|基礎控除|給与所得控除|手取り,いわゆる「年収の壁」については、働き控えや手取りの増加への対応として178万円まで引き上げ、物価高における生活を支えていきます。,202601_manifest.pdf,3;29,https://storage.jimin.jp/pdf/pamphlet/202601_manifest.pdf,high,one_policy_bullet,要約ページには2026年の年末調整からと記載
ECO-004,mvp_original,物価対策,飲食料品消費税2年間非課税（国民会議で検討）,飲食料品を2年間に限り消費税の対象外とする案について、国民会議で財源や実施時期を検討する。食料品の消費税ゼロや時限的な減税への言及を候補にする。,飲食料品|食料品|消費税|非課税|消費税ゼロ|国民会議,飲食料品は、2年間に限り消費税の対象としないことについて、今後「国民会議」において、財源やスケジュールの在り方など、実現に向けた検討を加速します。,202601_manifest.pdf,19;30,https://storage.jimin.jp/pdf/pamphlet/202601_manifest.pdf,medium,one_policy_bullet,実施決定ではなく検討方針
ECO-005,mvp_original,物価対策,"電気・ガス代支援（約7,300円/世帯）",1月から3月までの3か月間、電気料金とガス料金を世帯当たり約7300円補助する物価高対策。,電気代|ガス代|電気料金|ガス料金|光熱費|7300円|補助,"電気・ガス代支援 約7,300円の補助（世帯当たり／1月～3月の3か月間）",202601_manifest.pdf,3,https://storage.jimin.jp/pdf/pamphlet/202601_manifest.pdf,high,infographic_item,図表内の政策項目
ECO-006,mvp_original,子育て,高校授業料無償化（令和8年度から）,令和8年度から新たな就学支援金制度を設け、高校の授業料負担を軽減して高校無償化を進める。,高校無償化|高校授業料|就学支援金|教育費|令和8年度,安定財源を確保して、令和8年度から新たな就学支援金制度を設けるなど、いわゆる高校無償化を着実に推進します。,202601_manifest.pdf,19;40,https://storage.jimin.jp/pdf/pamphlet/202601_manifest.pdf,high,one_policy_bullet,高校教育改革の記述を含む
ECO-007,mvp_original,子育て,公立小学校給食無償化（令和8年度から）,令和8年度から公立小学校等の学校給食費を無償化し、保護者の負担を軽減する。,学校給食|給食費|給食無償化|公立小学校|令和8年度,令和8年度から公立小学校等での学校給食費の抜本的な負担軽減（いわゆる給食無償化）を実施し、保護者の負担軽減を通じた子育て支援に取り組みます。,202601_manifest.pdf,40,https://storage.jimin.jp/pdf/pamphlet/202601_manifest.pdf,high,one_policy_bullet,
ECO-008,mvp_original,子育て,出産費用自己負担無償化（法案提出予定）,標準的な出産費用や正常分娩費用について妊婦の自己負担が生じない制度を整備し、次期国会に法案を提出する。,出産費用|正常分娩|自己負担|無償化|妊婦|法案,標準的な出産費用の自己負担の無償化など、妊娠・出産に伴う経済的負担を軽減するための法案を次期国会に提出します。,202601_manifest.pdf,17;38,https://storage.jimin.jp/pdf/pamphlet/202601_manifest.pdf,high,one_policy_bullet,詳細版は正常分娩費用の自己負担軽減と記載
ECO-009,mvp_original,社会保障,医療・介護従事者処遇改善（3％・月1万円）,医療従事者の処遇を3％、介護・障害福祉従事者の処遇を月1万円改善する。介護職員については最大月1.9万円の支援も示す。,医療従事者|介護職員|障害福祉|処遇改善|賃上げ|3％|月1万円,医療機関・介護事業者等の処遇を前倒しで改善。医療従事者はプラス3％、介護・障害福祉従事者は月1万円（半年分）。,202601_manifest.pdf,3,https://storage.jimin.jp/pdf/pamphlet/202601_manifest.pdf,high,infographic_item,図表内の政策項目
ECO-010,mvp_original,社会保障,給付付き税額控除（制度設計を検討）,中低所得者の手取り増加と負担軽減のため、給付付き税額控除を含む社会保障と税の一体改革を国民会議で検討する。,給付付き税額控除|税額控除|低所得者|手取り|国民会議|社会保障と税,国民会議を設置し、「給付付き税額控除」の制度設計を含め、社会保障と税の一体改革について議論し、結論を得ます。,202601_manifest.pdf,37,https://storage.jimin.jp/pdf/pamphlet/202601_manifest.pdf,medium,one_policy_bullet,制度設計段階
EDU-002,mvp_original,教育,中学校35人学級（令和8年度から）,令和8年度から中学校で35人学級を実現し、少人数学級と学習環境の改善を進める。,35人学級|少人数学級|中学校|学級編制|令和8年度,令和8年度からの中学校35人学級の実現、小学校での教科担任制の拡大など、適正規模の確保を含む学習環境を実現します。,202601_manifest.pdf,39,https://storage.jimin.jp/pdf/pamphlet/202601_manifest.pdf,high,human_semantic_split,同じ原文の教科担任制とは分割
WEL-001,mvp_original,子育て,こども誰でも通園制度の本格実施,保護者の就労要件を問わず乳幼児が保育所等を利用できる、こども誰でも通園制度を本格実施する。,こども誰でも通園制度|誰でも通園|乳幼児|保育所|子育て支援,切れ目なくすべての子育て世帯を支援するため、「こども誰でも通園制度」の本格実施に取り組みます。,202601_manifest.pdf,17;37,https://storage.jimin.jp/pdf/pamphlet/202601_manifest.pdf,medium,human_semantic_split,同じ原文の保育所配置改善等とは分割
TAX-001,mvp_original,税制,自動車環境性能割廃止（2026年4月）,2026年4月に自動車取得時の環境性能割を廃止し、自動車購入時の税負担を軽減する。,環境性能割|自動車税|自動車取得|車体課税|2026年4月,2026年4月、自動車取得時にかかる環境性能割も廃止。,202601_manifest.pdf,3,https://storage.jimin.jp/pdf/pamphlet/202601_manifest.pdf,high,infographic_item,
INF-001,mvp_original,防災,副首都機能法案の策定・成立,首都機能のバックアップと分散のため、副首都機能の整備を含む法案を策定し速やかな成立を図る。,副首都|首都機能|バックアップ|多極分散|危機管理|法案,首都の危機管理機能のバックアップ体制を構築し、首都機能分散及び多極分散型経済圏を形成する観点から、副首都機能の整備を含め、国家社会機能の継続性を高めるための法案を策定し、速やかな成立を図ります。,202601_manifest.pdf,17;42,https://storage.jimin.jp/pdf/pamphlet/202601_manifest.pdf,medium,one_policy_bullet,法案名と提出時期は未記載
CON-001,institution_and_foreign_policy,皇室,男系男子の養子縁組を可能にする皇室典範改正,安定的な皇位継承のため、皇族に認められていない養子縁組を可能とし、皇統に属する男系男子を皇族とする案を第一優先に皇室典範を改正する。,皇室典範|皇位継承|皇族|養子縁組|男系男子|皇統,安定的な皇位継承のため、「皇族には認められていない養子縁組を可能とし、皇統に属する男系の男子を皇族とする」案を第一優先として、皇室典範の改正を目指します。,202601_manifest.pdf,21;45,https://storage.jimin.jp/pdf/pamphlet/202601_manifest.pdf,medium,one_policy_bullet,改正方針は明確だが期限なし
POL-001,institution_and_foreign_policy,政治改革,衆議院議員定数を1割削減,連立政権合意に基づき衆議院議員定数を1割を目標に削減し、次期国会で法案成立を目指す。,議員定数|定数削減|議員削減|衆議院|1割|一割|次期国会,一割を目標に衆議院議員定数を削減するため、次期国会において法案の成立を目指します。,202601_manifest.pdf,22;46,https://storage.jimin.jp/pdf/pamphlet/202601_manifest.pdf,high,one_policy_bullet,詳細版には連立政権合意に基づく旨を記載
FOR-001,institution_and_foreign_policy,外国人政策,不法滞在者ゼロと退去強制の迅速化,不法滞在者ゼロを目指し、国費送還を倍増して退去強制が確定した外国人を5年以内に半減する。,不法滞在|不法残留|退去強制|強制送還|国費送還|入管,不法滞在者ゼロを目指します。護送官付き国費送還を速やかに倍増します。退去強制が確定した外国人を5年以内に半減します。,202601_manifest.pdf,44,https://storage.jimin.jp/pdf/pamphlet/202601_manifest.pdf,high,human_semantic_split,数値目標を同一の送還政策として統合
FOR-002,institution_and_foreign_policy,外国人政策,JESTA早期導入と出入国在留DX,JESTA電子渡航認証制度を早期導入し、出入国と在留管理のデジタル化・審査厳格化を進める。,JESTA|電子渡航認証|出入国在留DX|入国審査|在留管理,ＪＥＳＴＡ（電子渡航認証制度）を早期導入し、出入国在留ＤＸを一気に進め厳格運用します。,202601_manifest.pdf,44,https://storage.jimin.jp/pdf/pamphlet/202601_manifest.pdf,high,human_semantic_split,不法滞在者ゼロの段落から制度導入部分を分割
FOR-003,institution_and_foreign_policy,外国人政策,在留資格・永住・帰化審査の厳格化,経営・管理、技術・人文知識・国際業務、留学などの在留資格の悪用を防ぎ、永住者と帰化の審査を適正化・厳格化する。,在留資格|経営管理|技人国|留学|永住|帰化|審査厳格化,基準を引き上げた在留資格「経営・管理」について実態調査と在留申請時の厳正な審査を実施し、一掃します。「永住者」及び「帰化」の審査を適正化します。,202601_manifest.pdf,44,https://storage.jimin.jp/pdf/pamphlet/202601_manifest.pdf,medium,human_semantic_split,複数の在留資格審査を一つの分析項目に統合
FOR-004,institution_and_foreign_policy,外国人政策,外国人の税・社会保険料未納と医療費未払い対策,外国人の税金・国民健康保険料・社会保険料の未納情報を入国・在留審査に反映し、医療費未払い情報の登録対象を拡大する。,税未納|社会保険料|国民健康保険|医療費未払い|在留審査|マイナンバー,税・社会保険料の未納や制度悪用を根絶します。税・国民健康保険料等のマイナンバー等による情報連携を行い、上陸審査・在留審査等に反映します。医療費未払情報報告システムの対象拡大を検討します。,202601_manifest.pdf,44,https://storage.jimin.jp/pdf/pamphlet/202601_manifest.pdf,medium,one_policy_bullet,医療費未払い登録基準額の引下げを含む
FOR-005,institution_and_foreign_policy,外国人政策,外国人の土地・不動産取得の把握と法的規制,外国人による土地、建物、森林、農地、水源地、マンションの取得・所有状況を国籍情報とともに把握し、安全保障上の新たな法的ルールや取得規制を整備する。,外国人土地取得|不動産取得|森林|農地|水源地|マンション|国籍把握|取得規制,土地や建物、森林、農地等の国籍把握・透明化を図ります。安全保障の観点から、外国人の土地取得等に関する新たな法的ルールの具体案を速やかに整備します。,202601_manifest.pdf,44;45,https://storage.jimin.jp/pdf/pamphlet/202601_manifest.pdf,medium,human_semantic_merge,土地取得に関する連続する複数項目を統合
FOR-006,institution_and_foreign_policy,外国人政策,日本語・日本の制度学習を在留審査に活用,外国人の日本語習得を支援し、日本語や日本の制度・ルールを学ぶ包括的プログラムを創設して受講と理解を在留審査に活用する。,日本語教育|日本語習得|制度ルール|在留審査|プレスクール|登録日本語教員,外国人の日本語習得支援等の拡充を進めます。日本語やわが国の制度・ルール等を学習する包括的なプログラムを創設し、受講及び内容の理解を在留審査に活用します。,202601_manifest.pdf,45,https://storage.jimin.jp/pdf/pamphlet/202601_manifest.pdf,medium,human_semantic_split,外国人児童向けプレスクール等も同段落に記載
FOR-007,institution_and_foreign_policy,外国人政策,外国人材との共生を含む人口減少対策,外国人材との共生を含め、地域の生活環境や社会保障を維持しながら人口減少対策を総合的に進める。,外国人材|共生社会|多文化共生|地域社会|人口減少|生活支援,若者や女性を含む誰もが自ら選んだ地域で住み続けられる社会を実現するため、外国人材との共生をはじめとする人口減少対策を総合的に推進します。,202601_manifest.pdf,45,https://storage.jimin.jp/pdf/pamphlet/202601_manifest.pdf,low,human_semantic_split,方向性は広く具体的手段は限定的
